{"cameraMode":{"drawMode":0,"name":"Shaded","section":"Shading Mode"},"sceneLighting":false,"audioPlay":false,"sceneViewState":{"m_AlwaysRefresh":false,"showFog":true,"showSkybox":false,"showFlares":true,"showImageEffects":true,"showParticleSystems":true,"showVisualEffectGraphs":true,"m_FxEnabled":true},"in2DMode":false,"pivot":{"x":14.279046058654786,"y":-3.5417022705078127,"z":0.20085525512695313},"rotation":{"x":-0.4732620418071747,"y":0.24750839173793794,"z":-0.14050894975662232,"w":-0.8336933851242065},"size":5.586699962615967,"orthographic":false}